status_id,code,text,is_quote,is_retweet,quoted_text,retweet_text
ID_1237264951456210944,NA,Top #ncaa #prospects #Maryland #jalensmith #anthonycowanjr #basketball #college #collegebasketball #michiganstate #msu #cassiuswinston #xaviertillman #nba #nbatv https://t.co/MwGjHbNI27,FALSE,TRUE,NA,Top #ncaa #prospects #Maryland #jalensmith #anthonycowanjr #basketball #college #collegebasketball #michiganstate #msu #cassiuswinston #xaviertillman #nba #nbatv https://t.co/MwGjHbNI27
ID_1236687381073362944,NA,"A ""really-would-be-nice"" win for @TerrapinHoops today as the go head-to-head with @umichbball. #FinishStrong #FearTheTurtle",FALSE,TRUE,NA,"A ""really-would-be-nice"" win for @TerrapinHoops today as the go head-to-head with @umichbball. #FinishStrong #FearTheTurtle"
ID_1233960763020185600,NA,@HaskinsEra @ripjxden @TerrapinHoops When he‚Äôs in the xfl yeah,FALSE,FALSE,NA,NA
ID_1233980752003575808,NA,@ShiningTimes777 @StansburyTodd @marchmadness @TheAndyKatz @ZagMBB @KUHoops @KentuckyMBB @TerrapinHoops @AuburnMBB @DaytonFlyers @OregonMBB @BaylorMBB @BYUbasketball @RutgersMBB https://t.co/E60nGTs6wn,FALSE,FALSE,NA,NA
ID_1238132258399272962,NA,"Statement from Mark Turgeon: ""I understand and respect the conference's decision to cancel this year's Big Ten tournament. The health and safety of our student-athletes and entire program is paramount. This is an unprecedented situation that is much bigger than basketball. ...",FALSE,TRUE,NA,"Statement from Mark Turgeon: ""I understand and respect the conference's decision to cancel this year's Big Ten tournament. The health and safety of our student-athletes and entire program is paramount. This is an unprecedented situation that is much bigger than basketball. ..."
ID_1236979596190515202,NA,@chiefjawnz @TerrapinHoops *donta scott*,FALSE,FALSE,NA,NA
ID_1238200089748942848,NA,The one year Maryland had a chance üò©üò©üò©üò≠üò≠,TRUE,FALSE,"Nearly 10 of the top coaches in college basketball have spoken and are on board with the following idea, source told me. 

- Selection Sunday on as planned. 

- Postpone the NCAA Tournament and continue to monitor the situation. 

‚ÄúWe all talked, and agree on this,‚Äù once told me.",NA
ID_1236818663715540992,NA,"SPORTS ALERT: Maryland beat Ohio State 82-65 to win their 4th Big 10 tournament title in 6 years. 
https://t.co/eqNsxGk8LW",FALSE,TRUE,NA,"SPORTS ALERT: Maryland beat Ohio State 82-65 to win their 4th Big 10 tournament title in 6 years. 
https://t.co/eqNsxGk8LW"
ID_1238480615135219718,NA,"@Wikkedegg @lingxing01 @RepJohnYarmuth @TMeltonScouting I cope with my fear by using humor.

Come to think of it, dunno if Mitch could even get the virus. Many pathogens that affect humans need our body heat to survive, and he's a turtle, which are cold-blooded.",FALSE,FALSE,NA,NA
ID_1236003969396363270,NA,Frickin stupid. Enjoy being scared,TRUE,FALSE,"Crowd wave at NCAA Division III men's basketball tournament at JHU.  Aside from the players, these medical professionals bring the most energy. No fans are allowed due to coronavirus concerns in the state of Maryland. @WMAR2News https://t.co/OWeK5Ygin0",NA
ID_1236884537520599040,NA,"One of the greatest days in Terps history! Two championships on the same day! It's a great day to be a Terp! #OneMaryland 

https://t.co/l4KnV1HV4Z",TRUE,TRUE,"NOTHING BUT NETS!!

For the first time ever, @TerrapinHoops and @umdwbb win titles on the same day! https://t.co/4xKrAFt6SY","One of the greatest days in Terps history! Two championships on the same day! It's a great day to be a Terp! #OneMaryland 

https://t.co/l4KnV1HV4Z"
ID_1237445568705622017,NA,"üèÜ @TerrapinHoops, @MSU_Basketball &amp; @BadgerMBB all added to their trophy cases over the weekend!

See who has the most regular season titles in @bigten history üëá https://t.co/PHt3iG0dsu",FALSE,TRUE,NA,"üèÜ @TerrapinHoops, @MSU_Basketball &amp; @BadgerMBB all added to their trophy cases over the weekend!

See who has the most regular season titles in @bigten history üëá https://t.co/PHt3iG0dsu"
ID_1233962929478828032,NA,@tblamb2you2 @WhenIDrinkAlone @marchmadness @KUHoops @BaylorMBB @ZagMBB @DaytonFlyers @Aztec_MBB @DukeMBB @FSUHoops @BluejayMBB @TerrapinHoops @LouisvilleMBB I‚Äôm not a sdsu fan but you sound dumb calling them out like that,FALSE,FALSE,NA,NA
ID_1233957790626041856,NA,"Alex,,,we are sorry https://t.co/nIwSas57f6",TRUE,TRUE,Maryland football vs. Maryland basketball https://t.co/STQfpoyrMO,"Alex,,,we are sorry https://t.co/nIwSas57f6"
ID_1238279496005976066,NA,Mark Turgeon will be on ESPN with SVP at 10:30 tonight.,FALSE,TRUE,NA,Mark Turgeon will be on ESPN with SVP at 10:30 tonight.
ID_1238316388336513024,NA,"Maryland men‚Äôs basketball head coach Mark Turgeon joins @notthefakeSVP to discuss the abrupt end of the season.

The one silver lining the Terps can take from a heartbreaking day is that they spent their last moments on the court together cutting down nets as champions. (1/2) https://t.co/ei0MTENqOt",FALSE,TRUE,NA,"Maryland men‚Äôs basketball head coach Mark Turgeon joins @notthefakeSVP to discuss the abrupt end of the season.

The one silver lining the Terps can take from a heartbreaking day is that they spent their last moments on the court together cutting down nets as champions. (1/2) https://t.co/ei0MTENqOt"
ID_1236769118663184384,NA,"Maryland men‚Äôs: Big Ten champs

Maryland women‚Äôs: Big Ten champs

Big Ten basketball is different in College Park",FALSE,TRUE,NA,"Maryland men‚Äôs: Big Ten champs

Maryland women‚Äôs: Big Ten champs

Big Ten basketball is different in College Park"
ID_1233940516238249984,NA,@TerrapinHoops I‚Äôm sorry but what is going on,FALSE,FALSE,NA,NA
ID_1233922524242726913,NA,No. 9 Maryland men's basketball vs No. 24 Michigan State is officially underway.,FALSE,TRUE,NA,No. 9 Maryland men's basketball vs No. 24 Michigan State is officially underway.
ID_1238484373411745792,NA,@freaknroller @Ayush_Diseye @TerrapinHoops @CoachTurgeon @notthefakeSVP @DanielDerio_ Why is the trophy in Wisconsin?,FALSE,FALSE,NA,NA
ID_1236717269213949953,NA,Dude is a special player that's perfect for modern basketball. His decision is going to change the trajectory of college basketball next season.,TRUE,TRUE,"Source: Harvard grad transfer Seth Towns is considering Kansas, Virginia, Syracuse, Ohio State, Michigan, and Maryland. Immediately eligible for next season.",Dude is a special player that's perfect for modern basketball. His decision is going to change the trajectory of college basketball next season.
ID_1235652553578139649,NA,"Men's college basketball players with 50+ blocks, 15+ 3-pointers, 35% 3-point shooting and 55% 2-point shooting:

- Iowa's Luka Garza*
- Maryland's Jalen Smith*
- Virginia's Jay Huff

*Were named to the list of 10 semifinalists for the Naismith POTY award today",FALSE,TRUE,NA,"Men's college basketball players with 50+ blocks, 15+ 3-pointers, 35% 3-point shooting and 55% 2-point shooting:

- Iowa's Luka Garza*
- Maryland's Jalen Smith*
- Virginia's Jay Huff

*Were named to the list of 10 semifinalists for the Naismith POTY award today"
ID_1233939900938031106,NA,#Spartans start the 2nd half on a 9-4 run to take a 49-33 lead.  #Terps call TO with 17:15 to go.,FALSE,FALSE,NA,NA
ID_1236712619651878913,NA,Please finish this. #Terps,FALSE,FALSE,NA,NA
ID_1233898303084826625,NA,No doubt ‚Å¶@TerrapinHoops‚Å© is ready for ‚Å¶@CollegeGameDay‚Å© https://t.co/Fj2uXbm5X9,FALSE,TRUE,NA,No doubt ‚Å¶@TerrapinHoops‚Å© is ready for ‚Å¶@CollegeGameDay‚Å© https://t.co/Fj2uXbm5X9
ID_1238138004667056137,NA,"Statement from Mark Turgeon: ""I understand and respect the conference's decision to cancel this year's Big Ten tournament. The health and safety of our student-athletes and entire program is paramount. This is an unprecedented situation that is much bigger than basketball. ...",FALSE,TRUE,NA,"Statement from Mark Turgeon: ""I understand and respect the conference's decision to cancel this year's Big Ten tournament. The health and safety of our student-athletes and entire program is paramount. This is an unprecedented situation that is much bigger than basketball. ..."
ID_1238215979534028805,NA,"Thanks for everything, @AnthonyCowanJr. I‚Äôm a Gonzaga  grad, never pulled for a St John‚Äôs guy as much as you! Best of luck!@SJCAthletics @GonzagaGoodNews @TerrapinHoops #FearTheTurtle üê¢üèÄüí•",FALSE,FALSE,NA,NA
ID_1238438302224539648,NA,"Thank You, Terp Nation https://t.co/13gSYdNc6K",FALSE,TRUE,NA,"Thank You, Terp Nation https://t.co/13gSYdNc6K"
ID_1233956220924497923,NA,Crabcakes and.....what?,TRUE,FALSE,Maryland football vs. Maryland basketball https://t.co/STQfpoyrMO,NA
ID_1233923195142578177,NA,@agehring91 is there anything more Maryland basketball than having game day ranked number 9 at home in prone time and going down 14-2,FALSE,FALSE,NA,NA
ID_1237408141408698368,NA,"My breakdown of @TerpsFootball running back (my rb5) Anthony McFarland on the @GoingFor_2 War Room

#NFLDraft #NFL
#NFLCombine #NFLTwitter
#draftpack #NFLDraftNews #Terps
#maryland

https://t.co/EnIrffxzMS",FALSE,TRUE,NA,"My breakdown of @TerpsFootball running back (my rb5) Anthony McFarland on the @GoingFor_2 War Room

#NFLDraft #NFL
#NFLCombine #NFLTwitter
#draftpack #NFLDraftNews #Terps
#maryland

https://t.co/EnIrffxzMS"
ID_1233914244158148608,NA,"About 20 minutes ahead of Maryland‚Äôs first College Gamday in over a decade. They‚Äôll be looking to sweep the season series against the Spartans.

Here‚Äôs my preview for @WMUCSports:

https://t.co/w8q0Cv2ZLd",FALSE,TRUE,NA,"About 20 minutes ahead of Maryland‚Äôs first College Gamday in over a decade. They‚Äôll be looking to sweep the season series against the Spartans.

Here‚Äôs my preview for @WMUCSports:

https://t.co/w8q0Cv2ZLd"
ID_1238436797207773186,NA,@TerrapinHoops Awesome team! @Aaron_Wiggins_ Congrats on a great season!,FALSE,FALSE,NA,NA
ID_1236781096311894016,NA,@principalskinn7 @marchmadness @umterps @TerrapinHoops You were saying,FALSE,FALSE,NA,NA
ID_1238501599695208448,NA,#happyfridaythe13th #fridaythe13th #rap #hiphop #lasvegashiphop #lasvegaslife  #medicalmarijuana #lasvegascannabiscommunity #pothead #pot #weed #trees #ganja #lsd #mdma #mushrooms #dmt #thc #thca #terpenes #terps‚Ä¶ https://t.co/aaMkyNSDyH,FALSE,FALSE,NA,NA
ID_1235594260906459136,NA,@marchmadness @NaismithTrophy @KUHoops @DukeMBB @Aztec_MBB @IowaHoops @MarquetteMBB @SetonHallMBB @OregonMBB @TerrapinHoops @DaytonFlyers Garza all the way https://t.co/IjOdEg7KS2,FALSE,FALSE,NA,NA
ID_1233884086953037824,NA,"#Illini commit Adam Miller &amp; Morgan Park teammate Brandon Weston will be in Champaign tomorrow for Illinois-Indiana.

Miller is trying to get the top-75 forward to follow the path to Illinois. Big visit for Underwood &amp; Co.  

https://t.co/L6RXkQobfj",FALSE,TRUE,NA,"#Illini commit Adam Miller &amp; Morgan Park teammate Brandon Weston will be in Champaign tomorrow for Illinois-Indiana.

Miller is trying to get the top-75 forward to follow the path to Illinois. Big visit for Underwood &amp; Co.  

https://t.co/L6RXkQobfj"
ID_1236731889366568960,NA,"WE GOT A TROPHY BITCHEZZZ
What a way to close out my time at UMD! So immensely proud of the work that these guys have put in to capture this title. On to the NCAA‚Äôs!! #Terps",TRUE,FALSE,RAISE IT UP!! üèÜ https://t.co/FLNR8aJ34h,NA
ID_1236810369198444550,NA,Local RB @r_h3mby visited the hometown #Terps this weekend and has Maryland trending after the trip. He discusses: https://t.co/xOolxTphsE,FALSE,FALSE,NA,NA
ID_1236722644327772160,NA,"An all-time @TerrapinHoops great. Thank you, @AnthonyCowanJr.
https://t.co/IvGf6tFDIC",FALSE,FALSE,NA,NA
ID_1236912680985903104,NA,#FearTheTurtle #FTT üê¢ #B1G #B1GMBBall üèÄ #ScholarAthleteVenture https://t.co/hhK6dErloI,TRUE,FALSE,"Answer to a future trivia question: @CoachTurgeon, the first coach to lead @TerrapinHoops to a B1G title. https://t.co/lE9QTdb9Si",NA
ID_1233977898853453825,NA,Great job today :),TRUE,FALSE,"Recaps 4-1 
NCAA Basketball 2-1 
Duke vs Uva Under 124.5  ‚úÖ‚úÖ
Dep vs But  Over 135 ‚ùå‚ùå
MSU vs MD Over 138  ‚úÖ‚úÖ
NBA  2-0 
Bkn vs Mia Over 218  ‚úÖ‚úÖ
Hou vs Bos under 232  ‚úÖ‚úÖ‚úÖ
#overnundergirl #gambler #handicapper #gambling #NBA #NCAAB  #sportsbettor https://t.co/1azLWRdXtO",NA
ID_1236719583517650951,NA,YOUR MARYLAND TERRAPINS ARE BIG TEN BASKETBALL CHAMPIONS,FALSE,TRUE,NA,YOUR MARYLAND TERRAPINS ARE BIG TEN BASKETBALL CHAMPIONS
ID_1233955425072173056,NA,https://t.co/2EighbCe9Z,TRUE,TRUE,Terps by a million. Let‚Äôs go.,https://t.co/2EighbCe9Z
ID_1238277719323901952,NA,the ONE year in recent times that Maryland basketball had a chance to win it all and it gets taken away from us by a pandemic virus you haVE GoT tO Be KidDiNG mE,FALSE,FALSE,NA,NA
ID_1236750236980297729,NA,@TerrapinHoops Congrats cuz... one hell of career!,FALSE,FALSE,NA,NA
ID_1238220415891394568,NA,@TerrapinHoops Loved this team so sad it‚Äôs over,FALSE,FALSE,NA,NA
ID_1233962230422568961,NA,@TerrapinHoops https://t.co/MDR83iWr7W,FALSE,FALSE,NA,NA
ID_1236812583367323649,NA,A huge win for the Terps today and what an honor to raise up this trophy at home!! Congrats @TerrapinHoops! Proud to be part of #ONEMaryland! Get ready to dance Terps üê¢üéâ,TRUE,TRUE,RAISE IT UP!! üèÜ https://t.co/FLNR8aJ34h,A huge win for the Terps today and what an honor to raise up this trophy at home!! Congrats @TerrapinHoops! Proud to be part of #ONEMaryland! Get ready to dance Terps üê¢üéâ
ID_1233942488462786561,NA,@svhill11 @youngnastyaka @TerrapinHoops Honestly. They always end up playing one half and it‚Äôs brutal,FALSE,FALSE,NA,NA
ID_1236695033337831431,NA,"#GamblingTwitter #MarchMadness #Terps #wolverines #ncaa #parlays 

Like i said.. soon as you join you are@making money.. subscriber joins Thursday and goes 18-5 first 3 days.. doubles his unit values https://t.co/eqt8y6pj1t",FALSE,TRUE,NA,"#GamblingTwitter #MarchMadness #Terps #wolverines #ncaa #parlays 

Like i said.. soon as you join you are@making money.. subscriber joins Thursday and goes 18-5 first 3 days.. doubles his unit values https://t.co/eqt8y6pj1t"
ID_1236093313003991047,NA,"üö® BUBBA BLAST üö®

His sixth hit of the day ties the school record and leaves the ballpark ü§Ø

B8 | #Terps 14, Bulldogs 3

#DirtyTerps https://t.co/dYLshg4Rxu",FALSE,TRUE,NA,"üö® BUBBA BLAST üö®

His sixth hit of the day ties the school record and leaves the ballpark ü§Ø

B8 | #Terps 14, Bulldogs 3

#DirtyTerps https://t.co/dYLshg4Rxu"
ID_1236084880750137344,NA,Plumber‚Äôs Joint with some juicypapers to get the weekend started üòÅ  #hemp #hempflower #organic #cbd #cbdflower  #cannabis #cannabiscommunity #bud #cbdbud #happybudzhemp  #terpenes #terps  #artofrolling #joints‚Ä¶ https://t.co/ybJRwQ8hCx,FALSE,FALSE,NA,NA
ID_1236741720139800577,NA,"""This is what it's all about!""

Raise that trophy @TerrapinHoops! üèÜ https://t.co/CjKEfG4RXx",FALSE,TRUE,NA,"""This is what it's all about!""

Raise that trophy @TerrapinHoops! üèÜ https://t.co/CjKEfG4RXx"
ID_1236702049766703104,NA,@theleahray @LibertyMBB_ @TerrapinHoops @MWarnerTV If we get a 13 seed I am writing the committee lol,FALSE,FALSE,NA,NA
ID_1233935607744749568,NA,@ILuvKaraoke @TerrapinHoops There is an article in the Washington Post breaking down each of our comebacks this season that have given us ulcers.. haha its a good read. so stressful every game,FALSE,FALSE,NA,NA
ID_1236784286646272000,NA,Anthony Cowan Jr. and Mark Turgeon butted heads all the way to a Big Ten¬†title https://t.co/aIa7cYuYBG,FALSE,FALSE,NA,NA
ID_1236853122212990977,NA,Doesn‚Äôt matter the gender. Maryland runs Big Ten Basketball,TRUE,TRUE,"YOUR BIG TEN TOURNAMENT CHAMPS!!!

üèÜüèÜüèÜüèÜ

#UnitedPursuit https://t.co/AEFJqiq2TQ",Doesn‚Äôt matter the gender. Maryland runs Big Ten Basketball
ID_1238202703773184001,NA,ONCE AGAIN ANOTHER EARLY EXIT FROM MARK TURGEON IN THE NCAA TOURNAMENT SMH,FALSE,TRUE,NA,ONCE AGAIN ANOTHER EARLY EXIT FROM MARK TURGEON IN THE NCAA TOURNAMENT SMH
ID_1236788966667542537,NA,B1G shoutout to @PKaFairy for spending his 50th wedding anniversary at Xfinity Center with the Maryland basketball teamü§©ü§© https://t.co/grW5uBJyTp,FALSE,FALSE,NA,NA
ID_1236680625924562951,NA,Maryland vs Michigan Basketball Live Streaming Video 08-Mar - USA - NCAAB https://t.co/bkWmj4GQRz https://t.co/90xhdn7ito,FALSE,FALSE,NA,NA
ID_1236775723534290950,NA,Congrats to TITANS Basketball for making the FINAL FOUR! Headed to U of MD. Defeated Liberty Hogh School #BCPS #MPSSAA #TITANS #SUPPORT #MOREWORK2DO https://t.co/gssq081Vm2,FALSE,TRUE,NA,Congrats to TITANS Basketball for making the FINAL FOUR! Headed to U of MD. Defeated Liberty Hogh School #BCPS #MPSSAA #TITANS #SUPPORT #MOREWORK2DO https://t.co/gssq081Vm2
ID_1233941032838074369,NA,I‚Äôd be fine with firing Turgeon right now. This team is embarrassing. I‚Äôd be shocked if they make it to the second week or the tourney. What a complete joke. #terps,FALSE,FALSE,NA,NA
ID_1236731024509468677,NA,"Maryland coach Mark Turgeon earns a $50,000 for earning at least a share of the Big Ten regular season title.

Maryland's assistant coaches each receive a $7,500 bonus.",FALSE,TRUE,NA,"Maryland coach Mark Turgeon earns a $50,000 for earning at least a share of the Big Ten regular season title.

Maryland's assistant coaches each receive a $7,500 bonus."
ID_1236750439409950723,NA,Maryland basketball just keeps winning this Sunday,TRUE,FALSE,Jake Layman went up and caught a body on Derrick Favors üíÄ https://t.co/Pa2VQXb3aC,NA
ID_1235795699146596352,NA,"Johns Hopkins will host its NCAA Division III 1st and 2nd round games in an empty arena, after recent coronavirus cases in Maryland. @NBC12 

https://t.co/gA8cJ6qpvb",FALSE,TRUE,NA,"Johns Hopkins will host its NCAA Division III 1st and 2nd round games in an empty arena, after recent coronavirus cases in Maryland. @NBC12 

https://t.co/gA8cJ6qpvb"
ID_1233971176080277506,NA,@CoachNegative @CoachTurgeon @team980 @TerrapinHoops He needs to be fired https://t.co/9JEVW2BXkS,FALSE,FALSE,NA,NA
ID_1236720100516003840,NA,"Terrapins going to Atlanta, again! #Terps #BigDancing #Truss",FALSE,FALSE,NA,NA
ID_1233918864368504832,NA,It feels like the entirety of the hospitality staff in CP was woefully under prepared for the shit show that is this game. #terps,FALSE,FALSE,NA,NA
ID_1238492183256338432,NA,The Big Ten Conference is walking back their initial cancellation of all spring sports through the academic year. Now suspended until April 6 and will  re-evaluate then. Statement: #Terps @WMAR2News https://t.co/vw02r2W4am,FALSE,TRUE,NA,The Big Ten Conference is walking back their initial cancellation of all spring sports through the academic year. Now suspended until April 6 and will  re-evaluate then. Statement: #Terps @WMAR2News https://t.co/vw02r2W4am
ID_1238152780096901122,NA,@JerseyTerp @jtLOL Lol yeah. Ps - go Terps!,FALSE,FALSE,NA,NA
ID_1236732366959280130,NA,Congrats to the Big 10 Regular Season Champions @TerrapinHoops &amp; Bowie native Anthony Cowan Jr.! I look forward to watching you go all the way in the Conference &amp; NCAA Tournaments. #FearTheTurtle,TRUE,FALSE,üê¢ BIG TEN CHAMPIONS üê¢ https://t.co/emZ20oudWf,NA
ID_1238218238074458112,NA,BREAKING: The Big Ten Conference men's basketball tournament has been cancelled. The #Terps were the No. 3 seed. I would be shocked if the NCAA Tournament is still played. @WMAR2News,FALSE,TRUE,NA,BREAKING: The Big Ten Conference men's basketball tournament has been cancelled. The #Terps were the No. 3 seed. I would be shocked if the NCAA Tournament is still played. @WMAR2News
ID_1236719924153856004,NA,@BetsJonny @marchmadness @umterps @TerrapinHoops Who frickin cares about wisconsin,FALSE,FALSE,NA,NA
ID_1235588942038261762,NA,"@marchmadness @NaismithTrophy @KUHoops @DukeMBB @Aztec_MBB @IowaHoops @MarquetteMBB @SetonHallMBB @OregonMBB @TerrapinHoops @DaytonFlyers Toppin, Garza, or Powell will win it.",FALSE,FALSE,NA,NA
ID_1236751748603183106,NA,"A little birdie told me Chase Young was at the #Terps game today, first title of many he‚Äôs gonna see in DC??? #Redskins",FALSE,TRUE,NA,"A little birdie told me Chase Young was at the #Terps game today, first title of many he‚Äôs gonna see in DC??? #Redskins"
ID_1238296041780322305,NA,"Thank You, Terp Nation https://t.co/13gSYdNc6K",FALSE,TRUE,NA,"Thank You, Terp Nation https://t.co/13gSYdNc6K"
ID_1233953162010251266,NA,@DaceyTed @benjholler @TerrapinHoops I‚Äôd think that if we were 29-0 you‚Äôd still not be satisfied.,FALSE,FALSE,NA,NA
ID_1236796642562437126,NA,@CoachTurgeon @TerrapinHoops Great win. Keeps those kids hungry and focused. We have a real shot at making a run in the tourney,FALSE,FALSE,NA,NA
ID_1237368548185509889,NA,"My breakdown of @TerpsFootball running back (my rb5) Anthony McFarland on the @GoingFor_2 War Room

#NFLDraft #NFL
#NFLCombine #NFLTwitter
#draftpack #NFLDraftNews #Terps
#maryland

https://t.co/EnIrffxzMS",FALSE,TRUE,NA,"My breakdown of @TerpsFootball running back (my rb5) Anthony McFarland on the @GoingFor_2 War Room

#NFLDraft #NFL
#NFLCombine #NFLTwitter
#draftpack #NFLDraftNews #Terps
#maryland

https://t.co/EnIrffxzMS"
ID_1236883885264437250,NA,Mark Turgeon: ‚ÄúAnthony came back to hang a banner. He gets to hang a banner.‚Äù,FALSE,TRUE,NA,Mark Turgeon: ‚ÄúAnthony came back to hang a banner. He gets to hang a banner.‚Äù
ID_1236835169610403840,NA,YOUR MARYLAND TERRAPINS ARE BIG TEN BASKETBALL CHAMPIONS,FALSE,TRUE,NA,YOUR MARYLAND TERRAPINS ARE BIG TEN BASKETBALL CHAMPIONS
ID_1236724682717626373,NA,@BetsJonny @FousekMichael @marchmadness @umterps @TerrapinHoops Talk to us when you‚Äôve won a post WWII national championship you cheese eating clowns. Maryland is the last big ten team to win the tournament. You should be honored we graced this league with our presence.,FALSE,FALSE,NA,NA
ID_1233889783501508608,NA,"#Illini commit Adam Miller &amp; Morgan Park teammate Brandon Weston will be in Champaign tomorrow for Illinois-Indiana.

Miller is trying to get the top-75 forward to follow the path to Illinois. Big visit for Underwood &amp; Co.  

https://t.co/L6RXkQobfj",FALSE,TRUE,NA,"#Illini commit Adam Miller &amp; Morgan Park teammate Brandon Weston will be in Champaign tomorrow for Illinois-Indiana.

Miller is trying to get the top-75 forward to follow the path to Illinois. Big visit for Underwood &amp; Co.  

https://t.co/L6RXkQobfj"
ID_1233898642106388480,NA,Randy!!!!,TRUE,FALSE,"Maryland gets two runs back on a Randy Bednar double and a Tavan Shahidi RBI groundout

M8 | #Terps 3, Chants 6

#DirtyTerps https://t.co/vJ4Tqu0MHq",NA
ID_1233926152483463168,NA,Terps by a million. Let‚Äôs go.,FALSE,TRUE,NA,Terps by a million. Let‚Äôs go.
ID_1233942711780069376,NA,Maryland basketball üèÄ. #Shame,FALSE,FALSE,NA,NA
ID_1236853452384460800,NA,"DeJulius shows progress in performance at Maryland

@abbyhsnyder's story from today in College Park: https://t.co/LvFot88b5q",FALSE,TRUE,NA,"DeJulius shows progress in performance at Maryland

@abbyhsnyder's story from today in College Park: https://t.co/LvFot88b5q"
ID_1236748508088107009,NA,"It took three games, but No. 9 Maryland men‚Äôs basketball has finally done it.

With a 83-70 win over No. 25 Michigan, the Terps have claimed a share of the Big Ten championship and finish the regular season with a 24-7 overall record. https://t.co/FuK7NYCoRb",FALSE,TRUE,NA,"It took three games, but No. 9 Maryland men‚Äôs basketball has finally done it.

With a 83-70 win over No. 25 Michigan, the Terps have claimed a share of the Big Ten championship and finish the regular season with a 24-7 overall record. https://t.co/FuK7NYCoRb"
ID_1236676150753181699,NA,"Seriously, what a huge heart! Thank you, Cowan! They have been so excited for this opportunity! It was so kind of you to share YOUR #SeniorDay with him. We are proud of you! Go, #Terps! #DreamComeTrue #AmazingAnthony üèÄ #ballislife but #KindnessCOWANts ‚ù§Ô∏è",TRUE,FALSE,When the nicest dude @AnthonyCowan on the planet let‚Äôs your son warm up on #SeniorDay for his 13th b‚Äôday. @TerrapinHoops @umterps @abgerman https://t.co/DZudcDGhZM,NA
ID_1236751866165370880,NA,"Watch Anthony Cowan, Eric Ayala and Aaron Wiggins react following the #Terps' win over Michigan to claim a share of B1G title: https://t.co/5blYSpKu3H",FALSE,FALSE,NA,NA
ID_1236678848827117569,NA,@TerrapinHoops @AnthonyCowanJr üî•üî•üî•,FALSE,FALSE,NA,NA
ID_1236683123196407815,NA,Maryland vs Michigan Basketball TV Live Streaming 08-Mar - USA - NCAAB https://t.co/s9qByxfWAv https://t.co/vDYGLc26Hz,FALSE,FALSE,NA,NA
ID_1233958523865878530,NA,@ryan_pickle13 @benjholler @TerrapinHoops College game day doesn‚Äôt show up every game. This team let the fan see down tonight. Period.,FALSE,FALSE,NA,NA
ID_1236786774925627393,NA,@TerrapinHoops @CoachTurgeon https://t.co/I6Hws57Gh5,FALSE,FALSE,NA,NA
ID_1235600564018442246,NA,@Jack_Otweets in honor of Liz Warren herself i would like Brenda Frese to coach the Maryland Men‚Äôs Basketball team,FALSE,FALSE,NA,NA
ID_1235634361057206272,NA,@marchmadness @Hoophall @BYUbasketball @yochilds22 @DaytonFlyers @ZagMBB @KillianTillie @JalenSmith2000 @TerrapinHoops @HailStateMBK @_R1bang_ Lamar Stevens snubbed,FALSE,FALSE,NA,NA
ID_1236883200892440576,NA,"‚ÄúAnthony came back to hang a banner. He gets to hang a banner,"" coach Mark Turgeon said.

https://t.co/Plf3NStJgp",FALSE,TRUE,NA,"‚ÄúAnthony came back to hang a banner. He gets to hang a banner,"" coach Mark Turgeon said.

https://t.co/Plf3NStJgp"
ID_1238200663957520389,NA,Can‚Äôt wait to tell my kids the #Terps didn‚Äôt lose a single game in the postseason.,TRUE,FALSE,NCAA cancels remaining winter and spring championships:  https://t.co/p4vCzvzmvo https://t.co/yqAHak4HO5,NA
ID_1238296395720929280,NA,"Thank You, Terp Nation https://t.co/13gSYdNc6K",FALSE,TRUE,NA,"Thank You, Terp Nation https://t.co/13gSYdNc6K"
ID_1238452680491765760,NA,@IndSportsCorp @BadgerMBB @IlliniMBB @MSU_Basketball @TerrapinHoops https://t.co/kIbSHULOia,FALSE,FALSE,NA,NA
ID_1233894718485884928,NA,"Which teams X-Factor players will have more of an impact on the @TerrapinHoops and @MSU_Basketball game?

Watts, Brown, Henry

OR

Morsell, Wiggins, Scott

@BustingBrackets previews tonight's B1G matchup. #Terps #GoGreen https://t.co/u6DatIvrjd",FALSE,FALSE,NA,NA
ID_1236759901420085248,NA,Mark Turgeon has won a regular season conference title more recently than Mike Krzyzewski,FALSE,TRUE,NA,Mark Turgeon has won a regular season conference title more recently than Mike Krzyzewski
ID_1233946971959939072,NA,#Terps trail 66-53 with 8:19 left in the game. Cassius Winston has 16 points to lead the Spartans. Tillman and Hall each have 14. Jalen Smith leads Maryland with 16.,FALSE,FALSE,NA,NA
ID_1233954918312108032,NA,@TerrapinHoops https://t.co/7qsWcfrGkw,FALSE,FALSE,NA,NA
ID_1233913850589741057,NA,Scott Van Pelt is a HUGE @TerrapinHoops fan! Great to catch up with him tonight! @notthefakeSVP https://t.co/38B5uCSdNH,FALSE,TRUE,NA,Scott Van Pelt is a HUGE @TerrapinHoops fan! Great to catch up with him tonight! @notthefakeSVP https://t.co/38B5uCSdNH
ID_1236706957756641280,NA,Michigan cuts Maryland's lead to five and Turgeon calls a timeout. Maryland's lead hasn't been this small since the 8:12 mark of the first half.,FALSE,FALSE,NA,NA
ID_1236797135095500800,NA,"BIG TEN CHAMPIONS üê¢

No. 9 Maryland clinches a share of its first Big Ten regular-season title with the win over No. 25 Michigan! #FearTheTurtle https://t.co/ZmbPtzipfi",FALSE,TRUE,NA,"BIG TEN CHAMPIONS üê¢

No. 9 Maryland clinches a share of its first Big Ten regular-season title with the win over No. 25 Michigan! #FearTheTurtle https://t.co/ZmbPtzipfi"
ID_1236750980986875907,NA,"Congratulations to @Aaron_Wiggins_ and the @TerrapinHoops on winning the 2019-2020 Big Ten Championship! 
#GoTrojans #GoTerps https://t.co/Xk5T6sO3kf",FALSE,TRUE,NA,"Congratulations to @Aaron_Wiggins_ and the @TerrapinHoops on winning the 2019-2020 Big Ten Championship! 
#GoTrojans #GoTerps https://t.co/Xk5T6sO3kf"
ID_1237343872214355968,NA,"""NIGHTLY VIBESüò§üò§üò§ITS MEDICATED MONDAYüò§üò§üí®üí®üî•üî•üöÄüöÄ#TERPS #PPP #HITMYNOTE #STONERFAM @AmeriCannaBlunt @AATFP @NorCalStoner420 @Amznfrknaz @DollarBlazeClub @PositivePyrami1 @operator55_11 @therealChef420 @ChefJoeette @herbalinfuser @tnbnatural @PMR420 https://t.co/aSDnYtdsKg",FALSE,TRUE,NA,"""NIGHTLY VIBESüò§üò§üò§ITS MEDICATED MONDAYüò§üò§üí®üí®üî•üî•üöÄüöÄ#TERPS #PPP #HITMYNOTE #STONERFAM @AmeriCannaBlunt @AATFP @NorCalStoner420 @Amznfrknaz @DollarBlazeClub @PositivePyrami1 @operator55_11 @therealChef420 @ChefJoeette @herbalinfuser @tnbnatural @PMR420 https://t.co/aSDnYtdsKg"
ID_1236800447702339585,NA,17 straight wins and the B1G Tourney Champs! Congrats to Coach B and the program. #Terps üê¢üê¢,FALSE,FALSE,NA,NA
ID_1233948928237801473,NA,From watching the great Gary Williams coach to this moron Turgeon is a sight to see. @TerrapinHoops,FALSE,FALSE,NA,NA
ID_1238131241620312064,NA,@editti22 Mark Turgeon cant have haters if they dont play,FALSE,FALSE,NA,NA
ID_1236741635855265793,NA,@marchmadness @AnthonyCowanJr @TheAndyKatz @TerrapinHoops A STUD from Maryland playing for Maryland !!! #DMV2UMD,FALSE,FALSE,NA,NA
ID_1238133842399113220,NA,F U CORONA,TRUE,FALSE,"The Big Ten announced Thursday that it is canceling its tournament due to COVID-19 concerns. 

Maryland men‚Äôs basketball was scheduled to play Friday night against the winner of Penn State and Indiana. https://t.co/gXSNR4NEMe",NA
ID_1233943744023552000,NA,@TerrapinHoops Nice performance to honor the team,FALSE,FALSE,NA,NA
ID_1233954653777416193,NA,@TerrapinHoops we all have bad nights.. hoping this was just one of those. we'll be back,FALSE,FALSE,NA,NA
ID_1237240820723580928,NA,"üèÜ @TerrapinHoops, @MSU_Basketball &amp; @BadgerMBB all added to their trophy cases over the weekend!

See who has the most regular season titles in @bigten history üëá https://t.co/PHt3iG0dsu",FALSE,TRUE,NA,"üèÜ @TerrapinHoops, @MSU_Basketball &amp; @BadgerMBB all added to their trophy cases over the weekend!

See who has the most regular season titles in @bigten history üëá https://t.co/PHt3iG0dsu"
ID_1233958516756504577,NA,@VeryRBLXPriv @ovie33156993 @TerrapinHoops Erica Ayala sucks. Wiggins is inconsistent. Cowan has been shit and useless. Our team can‚Äôt shoot three‚Äôs ever! It‚Äôs just stix. Who else is a big rebounder besides him?,FALSE,FALSE,NA,NA
ID_1238039330532229120,NA,La #meetingindustry fa fronte comune! E noi #Terps con loro! #eventsmustgoon #uncrownthevirus https://t.co/2JpqWhLczv,TRUE,TRUE,"Update da Federcongressi&amp;eventi: il videomessaggio della Presidente @AAlbarelli.
#eventsmustgoon #concretiecompetitivi #meetingindustry

https://t.co/EzYhTzX1nC",La #meetingindustry fa fronte comune! E noi #Terps con loro! #eventsmustgoon #uncrownthevirus https://t.co/2JpqWhLczv
ID_1237260500288909312,NA,"üèÜ @TerrapinHoops, @MSU_Basketball &amp; @BadgerMBB all added to their trophy cases over the weekend!

See who has the most regular season titles in @bigten history üëá https://t.co/PHt3iG0dsu",FALSE,TRUE,NA,"üèÜ @TerrapinHoops, @MSU_Basketball &amp; @BadgerMBB all added to their trophy cases over the weekend!

See who has the most regular season titles in @bigten history üëá https://t.co/PHt3iG0dsu"
ID_1233950463864778752,NA,"In College Park tonight supporting @TerrapinHoops. Come find me at Xfinity Center, sec 209 signing copies of the #CapitalOfBasketball with the great @GaryWilliams02 #FTT @espn @notthefakeSVP https://t.co/zTYv0J3NnS https://t.co/3tYOamdo8u",FALSE,TRUE,NA,"In College Park tonight supporting @TerrapinHoops. Come find me at Xfinity Center, sec 209 signing copies of the #CapitalOfBasketball with the great @GaryWilliams02 #FTT @espn @notthefakeSVP https://t.co/zTYv0J3NnS https://t.co/3tYOamdo8u"
ID_1236729431592505348,NA,Idk why basketball was on in the nail salon but shout to Maryland for the big win,FALSE,FALSE,NA,NA
ID_1238326864407642115,NA,"Reed and I had to have a laugh, Maryland basketball has half the heart of a real foreskin",FALSE,FALSE,NA,NA
ID_1236823560179646465,NA,"Another great one from Barry. ‚ÄúPut the tears on hold, because there are more games ahead. But treasure Sunday,‚Äù
Read it.",TRUE,FALSE,"‚ÄúHe didn‚Äôt like me, and I didn‚Äôt like him.‚Äù On the kind of complex, rich relationship that can develop when a coach and player stick together four years. https://t.co/uIXKTs72vY",NA
ID_1233970254570614784,NA,"Recaps 4-1 
NCAA Basketball 2-1 
Duke vs Uva Under 124.5  ‚úÖ‚úÖ
Dep vs But  Over 135 ‚ùå‚ùå
MSU vs MD Over 138  ‚úÖ‚úÖ
NBA  2-0 
Bkn vs Mia Over 218  ‚úÖ‚úÖ
Hou vs Bos under 232  ‚úÖ‚úÖ‚úÖ
#overnundergirl #gambler #handicapper #gambling #NBA #NCAAB  #sportsbettor https://t.co/1azLWRdXtO",FALSE,FALSE,NA,NA
ID_1236989231383404544,NA,"@MagicJohnson @MSU_Basketball On behalf of MN Basketball, I'd like to apologize for blowing last minute leads to both MD and WI. Sparty was the best team and deserved it on their own this year.",FALSE,FALSE,NA,NA
ID_1233972820713013248,NA,"@ChuckDouglas_ @TerrapinHoops @team980  The reality: Team has played poorly the past 3 games. Cowan is tired and slumping. Turgeon needs to move him to PG, but won‚Äôt sit Ayala. Wiggs choked tonight, but is ok. Needs to tweak the formula, but won‚Äôt. I see trouble..",FALSE,FALSE,NA,NA
ID_1233964809923764224,NA,"Wrestlers: 7-0 at home + NCAA attendance record.

Women: 36 straight at home, second longest in nation.

Men: Just won 13th straight at home &amp; with Maryland‚Äôs loss tonight is lone B1G team that is unbeaten in conference play.

What a winter at Carver.
https://t.co/EdAE0UlfvA",FALSE,TRUE,NA,"Wrestlers: 7-0 at home + NCAA attendance record.

Women: 36 straight at home, second longest in nation.

Men: Just won 13th straight at home &amp; with Maryland‚Äôs loss tonight is lone B1G team that is unbeaten in conference play.

What a winter at Carver.
https://t.co/EdAE0UlfvA"
ID_1233977041659318277,NA,"Fouls called in top-15 college basketball games today:

Penn State-Iowa: 27
Seton Hall-Marquette: 29
Duke-Virginia: 34
FSU-Clemson: 35
Michigan State-Maryland: 35
Providence-Villanova: 36
San Diego State-Nevada: 38
Kansas-Kansas State: 40
Baylor-TCU: 41

Auburn-Kentucky: 46",FALSE,FALSE,NA,NA
ID_1236767754117697537,NA,"BIG TEN CHAMPIONS üê¢

No. 9 Maryland clinches a share of its first Big Ten regular-season title with the win over No. 25 Michigan! #FearTheTurtle https://t.co/ZmbPtzipfi",FALSE,TRUE,NA,"BIG TEN CHAMPIONS üê¢

No. 9 Maryland clinches a share of its first Big Ten regular-season title with the win over No. 25 Michigan! #FearTheTurtle https://t.co/ZmbPtzipfi"
ID_1233962181563158531,NA,Turgeon: ‚ÄúGotta be resilient and bounce back...play with more confidence and grit‚Äù #Terps,FALSE,FALSE,NA,NA
ID_1236685900685496326,NA,Let's Go Terps! #FearTheTurtle https://t.co/zFGDYWCTyu,FALSE,FALSE,NA,NA
ID_1236782055641550848,NA,"Anthony Cowan Jr.‚Äôs senior day culminated in the No. 9 Terrapins beating No. 25 Michigan to earn a share of their first Big Ten regular-season title. @Adam_Zielonka has more with the postgame reaction.  #Terps #Terrapins #BigTenchampions
https://t.co/AskMRhRKyb",FALSE,TRUE,NA,"Anthony Cowan Jr.‚Äôs senior day culminated in the No. 9 Terrapins beating No. 25 Michigan to earn a share of their first Big Ten regular-season title. @Adam_Zielonka has more with the postgame reaction.  #Terps #Terrapins #BigTenchampions
https://t.co/AskMRhRKyb"
ID_1238470316189454336,NA,"Thank You, Terp Nation https://t.co/13gSYdNc6K",FALSE,TRUE,NA,"Thank You, Terp Nation https://t.co/13gSYdNc6K"
ID_1236735617679142912,NA,"‚ÄúJust to come back and do something that‚Äôs never happened in Maryland history‚Ä¶it means everything.‚Äù 

@AnthonyCowanJr joined @TheAndyKatz after @TerrapinHoops secured a share of the Big Ten regular-season championship at his final home game. https://t.co/foNuqHvTWV",FALSE,TRUE,NA,"‚ÄúJust to come back and do something that‚Äôs never happened in Maryland history‚Ä¶it means everything.‚Äù 

@AnthonyCowanJr joined @TheAndyKatz after @TerrapinHoops secured a share of the Big Ten regular-season championship at his final home game. https://t.co/foNuqHvTWV"
ID_1236806358307143680,NA,"In 6 Big Ten seasons, Maryland women‚Äôs basketball has 5 regular season titles and 4 conference tournament titles",FALSE,TRUE,NA,"In 6 Big Ten seasons, Maryland women‚Äôs basketball has 5 regular season titles and 4 conference tournament titles"
ID_1236938357407485952,NA,"Our terminology extraction algorithm is getting smarter! With the newest update, it will start to learn from your profile and make suggestions accordingly. The terminology lists from your preparatory documents will improve the more you use it!

#ai #interpretbank #terps https://t.co/s6e8LnH7NP",FALSE,TRUE,NA,"Our terminology extraction algorithm is getting smarter! With the newest update, it will start to learn from your profile and make suggestions accordingly. The terminology lists from your preparatory documents will improve the more you use it!

#ai #interpretbank #terps https://t.co/s6e8LnH7NP"
ID_1236867393474957313,NA,"One of the greatest days in Terps history! Two championships on the same day! It's a great day to be a Terp! #OneMaryland 

https://t.co/l4KnV1HV4Z",TRUE,TRUE,"NOTHING BUT NETS!!

For the first time ever, @TerrapinHoops and @umdwbb win titles on the same day! https://t.co/4xKrAFt6SY","One of the greatest days in Terps history! Two championships on the same day! It's a great day to be a Terp! #OneMaryland 

https://t.co/l4KnV1HV4Z"
ID_1233965781572050944,NA,@_____Chach_____ @WBrettzky @goMSUbuttboy69 @TerrapinHoops https://t.co/AHntdo1xZU,FALSE,FALSE,NA,NA
ID_1236001344626012160,NA,"Maryland women‚Äôs basketball passes first Big Ten tournament test in 74-62 win over Purdue.

https://t.co/lUyqxFK1DE",FALSE,FALSE,NA,NA
ID_1236731250557227008,NA,Michigan basketball vs. Maryland Terrapins: Live updates - Detroit Free Press https://t.co/3kmYRAPnjG #basketball #basketballnews,FALSE,FALSE,NA,NA
ID_1236718242477092868,NA,"As Anthony Cowan made his way to the bench to make way for Travis Valmon, coach Mark Turgeon pulls him into a tight hug, lifting him off the floor.

 That's a four-year bond",FALSE,FALSE,NA,NA
ID_1233957326333399040,NA,@sports_god1 @TerrapinHoops LMAOOO Imagine being this stupid,FALSE,FALSE,NA,NA
ID_1236722304832483330,NA,"Maryland‚Äôs seeding in the Big Ten Tournament will depend on what happens later today between Michigan St and Ohio St. If the Spartans win, Maryland will be the #3 seed. If Ohio St wins, Maryland will be the #2 seed. #Terps",FALSE,TRUE,NA,"Maryland‚Äôs seeding in the Big Ten Tournament will depend on what happens later today between Michigan St and Ohio St. If the Spartans win, Maryland will be the #3 seed. If Ohio St wins, Maryland will be the #2 seed. #Terps"
ID_1238137307221430273,NA,"Maryland  was finna dig in they ass!!! 

#terps",TRUE,FALSE,Breaking: The Big Ten Tournament is cancelled. https://t.co/t695zGVjWw,NA
ID_1233936563446239232,NA,@TerrapinHoops @MSU_Basketball BRESLIN &gt;&gt;&gt;,FALSE,FALSE,NA,NA
ID_1238265500922195969,NA,"Big Ten Champions!

#9 Maryland handles #25 Michigan 83-70. Terrapins capture a share of the Big Ten Title for the first time under Mark Turgeon. 

Anthony Cowan: 20 PTS, 8 AST, 4 REB

 https://t.co/OOLf2n8gpa",FALSE,TRUE,NA,"Big Ten Champions!

#9 Maryland handles #25 Michigan 83-70. Terrapins capture a share of the Big Ten Title for the first time under Mark Turgeon. 

Anthony Cowan: 20 PTS, 8 AST, 4 REB

 https://t.co/OOLf2n8gpa"
ID_1236137043979354112,NA,Hotel In Maryland Cancels Reservation For Yeshiva U. Basketball Team Over Coronavirus Fears https://t.co/pkdcTUirhi,FALSE,FALSE,NA,NA
ID_1236842525735833600,NA,"üó£ Let's cut down some nets

@TerrapinHoops celebrates winning their first @BigTen title in program history! https://t.co/2HGMgXBL7R",FALSE,TRUE,NA,"üó£ Let's cut down some nets

@TerrapinHoops celebrates winning their first @BigTen title in program history! https://t.co/2HGMgXBL7R"
