status_id,text,is_quote,is_retweet,quoted_text,retweet_text,Sentiment,Unsure,Comments
1.24E+18,"""I was surprised. Kind of in shock."" - @TerrapinHoops' Aaron Wiggins, @B1GMBBall's Sixth Man of the Year as voted by the coaches. https://t.co/gFlsXecCpo",NA,NA,NA,NA,2,,
1.24E+18,"""This is what it's all about!""

Raise that trophy @TerrapinHoops! üèÜ https://t.co/CjKEfG4RXx",NA,NA,NA,NA,1,,
1.24E+18,"""This is what it's all about!""

Raise that trophy @TerrapinHoops! üèÜ https://t.co/CjKEfG4RXx",NA,NA,NA,NA,1,,
1.24E+18,"""Whenever I come here, whenever I come back, it's always going to be home."" 

Maryland native @AnthonyCowanJr caught up with @TheAndyKatz after his final home game for @TerrapinHoops on what it all means to him ‚¨áÔ∏è https://t.co/hMAcAcqCa6",NA,NA,NA,NA,2,,
1.23E+18,"#9 Maryland hosts #24 Michigan State as a 3 point favourite tonight! üèÄ

#FearTheTurtle #Maryland #GoGreen #SpartanDawgs https://t.co/lcZU0D8brl",NA,NA,NA,NA,2,,
1.24E+18,#BaltCo #Md ‚Äî,NA,NA,NA,NA,,?,I don't know what these hashtags mean in context
1.24E+18,#FearTheTurtle #FTT üê¢ #B1G #B1GWBBall #ncaaW üèÄ #ScholarAthleteVenture https://t.co/6m9OTBdVOw,TRUE,TRUE,"The Terps hold off the Hoosiers and Maryland is going to the finals! 

@umdwbb https://t.co/xzhHDXtQAh",#FearTheTurtle #FTT üê¢ #B1G #B1GWBBall #ncaaW üèÄ #ScholarAthleteVenture https://t.co/6m9OTBdVOw,4,,
1.24E+18,"#GamblingTwitter #MarchMadness #Terps #wolverines #ncaa #parlays 

Like i said.. soon as you join you are@making money.. subscriber joins Thursday and goes 18-5 first 3 days.. doubles his unit values https://t.co/eqt8y6pj1t",NA,NA,NA,NA,2,?,neutral re: bball; positive re: gambling
1.23E+18,"#Illini commit Adam Miller &amp; Morgan Park teammate Brandon Weston will be in Champaign tomorrow for Illinois-Indiana.

Miller is trying to get the top-75 forward to follow the path to Illinois. Big visit for Underwood &amp; Co.  

https://t.co/L6RXkQobfj",NA,NA,NA,NA,4,?,"Seems irrelevant, unless there's some context I don't understand. Not even sure how this one got picked up in our relevancies."
1.24E+18,#Michigan leads the #Terps 7-6 at the under 16 TO.  Both teams are 3-6 from the floor,NA,NA,NA,NA,2,,
1.23E+18,#MSUvsMD @TerrapinHoops @CoachTurgeon  How many damn times does Ayala have to kill you on D to cause a basket Mark? The kid cannot play right now - SIT HIM! He is killing the team,FALSE,FALSE,NA,NA,3,,
1.24E+18,"#Terps earn a share of the Big Ten Title beating #Michigan  83-70.   .4 in double figures.  Cowan had 20, Jalen Smith with 18 and 11.  Ayala had 19 and Wiggins 15.",NA,NA,NA,NA,2,,
1.23E+18,#Terps got smacked in the mouth tonight. MSU hit every shot and Maryland couldn't battle back. These teams each beat each other on the road. Going to be a fight for the regular season title down the stretch.,FALSE,FALSE,NA,NA,2,?,"Negative re: Terps, positive re: MSU, neutral re: future"
1.24E+18,#Terps have some special guests: Kevin Huerter and Bruno Fernando https://t.co/T82qFODso5,FALSE,FALSE,NA,NA,2,,
1.24E+18,#Terps Jalen Smith (Baltimore native) has been named one of ten semifinalists for Naismith Player of the Year. @WMAR2News,FALSE,TRUE,NA,#Terps Jalen Smith (Baltimore native) has been named one of ten semifinalists for Naismith Player of the Year. @WMAR2News,2,,
1.23E+18,#Terps That loud ringing sound is the alarm clock going off.,NA,NA,NA,NA,,?,I don't understand the context
1.24E+18,@BetsJonny @FousekMichael @marchmadness @umterps @TerrapinHoops Talk to us when you‚Äôve won a post WWII national championship you cheese eating clowns. Maryland is the last big ten team to win the tournament. You should be honored we graced this league with our presence.,NA,NA,NA,NA,3,?,I don't understand the context
1.24E+18,@BetsJonny @marchmadness @umterps @TerrapinHoops Who frickin cares about wisconsin,NA,NA,NA,NA,3,?,I don't understand the context
1.24E+18,@BigTenNetwork @B1GMBBall @TerrapinHoops @MSU_Basketball @BadgerMBB https://t.co/tn55z0GUXu,FALSE,FALSE,NA,NA,2,,
1.24E+18,@CBBonFOX @JalenSmith2000 @TerrapinHoops üêê https://t.co/v1tOkhkqJJ,NA,NA,NA,NA,2,,
1.23E+18,@CoachNegative @CoachTurgeon @team980 @TerrapinHoops He needs to be fired https://t.co/9JEVW2BXkS,NA,NA,NA,NA,3,,
1.23E+18,@CoachNegative @TerrapinHoops @CoachTurgeon ü§∑üèΩ‚Äç‚ôÇÔ∏è I don‚Äôt like either on offense right now but Ayala has the edge. If we go to zone on d and run the offense through Stix we would have had a shot. Serrel Smith is literally brick city on offense,FALSE,FALSE,NA,NA,2,,
1.24E+18,@CoachTurgeon @TerrapinHoops Great win. Keeps those kids hungry and focused. We have a real shot at making a run in the tourney,NA,NA,NA,NA,1,,
1.24E+18,@CoachTurgeon @TerrapinHoops Isn't everyone already there onsite?,NA,NA,NA,NA,2,,
1.24E+18,@CoachTurgeon @TerrapinHoops MAZEL MARK!,FALSE,FALSE,NA,NA,,?,I don't know what Mazel Mark means
1.23E+18,@DaceyTed @benjholler @TerrapinHoops I‚Äôd think that if we were 29-0 you‚Äôd still not be satisfied.,NA,NA,NA,NA,3,,
1.24E+18,@Hoophall @ZagMBB @TheDeliverer_32 @DellTech @EphesusLighting @BYUbasketball @TerrapinHoops @HailStateMBK @yochilds22 @KillianTillie @_R1bang_ @marchmadness Tillie!,FALSE,FALSE,NA,NA,,?,I don't know what Tillie! Means
1.23E+18,@ILuvKaraoke @TerrapinHoops There is an article in the Washington Post breaking down each of our comebacks this season that have given us ulcers.. haha its a good read. so stressful every game,FALSE,FALSE,NA,NA,1,?,"Positive re: article, negative re: stressful games"
1.24E+18,@Jack_Otweets in honor of Liz Warren herself i would like Brenda Frese to coach the Maryland Men‚Äôs Basketball team,NA,NA,NA,NA,1,?,"Positive re: Brenda Frese, unsure re: UMD MBB"
1.24E+18,"@JamieJo59840857 @NaismithTrophy @CitizenWatchUS @MarquetteMBB @SetonHallMBB @OregonMBB @TerrapinHoops @BIGEAST @pac12 @bigten @atlantic10 To clarify, they play each other.. that game IMO is a play in game for the NCAA tourney.",FALSE,FALSE,NA,NA,2,?,
1.24E+18,@JerseyTerp @jtLOL Lol yeah. Ps - go Terps!,NA,NA,NA,NA,1,,
1.24E+18,@johnconservativ @TerrapinHoops With the your weak ass 21 and 10 record,NA,NA,NA,NA,3,,
1.24E+18,@KBBldServices @Lucas4westside @CPVarsitySports @athletics66 Why is Mark Turgeon there?,NA,NA,NA,NA,3,,
1.24E+18,@kevinsheehanDC @CoachTurgeon @TerrapinHoops didnt terps tie with wisconsin? didnt wisconsin beat terps?,NA,NA,NA,NA,2,?,"Seems like there may be negative undertones, but can't tell without context"
1.24E+18,@MambaBald @marchmadness @TheAndyKatz @NaismithTrophy @KUHoops @DukeMBB @Aztec_MBB @IowaHoops @MarquetteMBB @SetonHallMBB @OregonMBB @TerrapinHoops @DaytonFlyers found the Michigan State fan,FALSE,FALSE,NA,NA,2,?,I don't understand the context
1.24E+18,@marchmadness @Hoophall @BYUbasketball @yochilds22 @DaytonFlyers @ZagMBB @KillianTillie @JalenSmith2000 @TerrapinHoops @HailStateMBK @_R1bang_ easy dub,NA,NA,NA,NA,,?,I don't understand the context
1.24E+18,@marchmadness @Hoophall @BYUbasketball @yochilds22 @DaytonFlyers @ZagMBB @KillianTillie @JalenSmith2000 @TerrapinHoops @HailStateMBK @_R1bang_ Lamar Stevens snubbed,FALSE,FALSE,NA,NA,3,,
1.24E+18,"@marchmadness @NaismithTrophy @KUHoops @DukeMBB @Aztec_MBB @IowaHoops @MarquetteMBB @SetonHallMBB @OregonMBB @TerrapinHoops @DaytonFlyers Toppin, Garza, or Powell will win it.",NA,NA,NA,NA,2,?,Are predictions positive or neutral?
1.24E+18,"@marchmadness @NaismithTrophy @KUHoops @DukeMBB @Aztec_MBB @IowaHoops @MarquetteMBB @SetonHallMBB @OregonMBB @TerrapinHoops @DaytonFlyers Why is Trent Forest not on this list,üç¢üç¢",NA,NA,NA,NA,3,,
1.24E+18,@MartyMcFly34 @TerrapinHoops wait until first weekend of Tourney,NA,NA,NA,NA,3,?,"Seems vaguely threatening, but not clear without context"
1.24E+18,@NaismithTrophy @CitizenWatchUS @MarquetteMBB @SetonHallMBB @OregonMBB @TerrapinHoops @BIGEAST @pac12 @bigten @atlantic10 Jalen Smith.,FALSE,FALSE,NA,NA,,?,I don't understand the context
1.24E+18,@powerpopjoel @kevinsheehanDC @CoachTurgeon @TerrapinHoops Doesn't matter they are still Big 10 Champions.,NA,NA,NA,NA,1,,
1.23E+18,@ryan_pickle13 @benjholler @TerrapinHoops College game day doesn‚Äôt show up every game. This team let the fan see down tonight. Period.,NA,NA,NA,NA,,?,I don't understand the context
1.24E+18,"@SethOnHoops @TerrapinHoops When Ayala is in attack mode and Wiggy is hitting shots, this is a tough team to stop. #FearTheTurtle",NA,NA,NA,NA,1,,
1.23E+18,@shaquilleoatm15 @TerrapinHoops Like to see his SATs,FALSE,FALSE,NA,NA,,?,"Seems sarcastically negative, but not clear without context"
1.24E+18,@TerrapinHoops @AnthonyCowanJr @_MustSeeTV https://t.co/an2OCihIRd,NA,NA,NA,NA,1,,
1.24E+18,@TerrapinHoops @AnthonyCowanJr üî•üî•üî•,NA,NA,NA,NA,,?,Don't know what the emojis are
1.24E+18,@TerrapinHoops @CoachTurgeon #ExtendTurgeon,NA,NA,NA,NA,1,?,Assuming #ExtendTurgeon is positive re: Turgeon
1.24E+18,@TerrapinHoops @CoachTurgeon https://t.co/I6Hws57Gh5,NA,NA,NA,NA,,?,Tried clicking the link--the tweet is unavailable
1.23E+18,@TerrapinHoops @sotoshuffle My school beat duke tho https://t.co/ZiXzkZDOS7,NA,NA,NA,NA,3,?,"negative re: Terps, positive re: ""my school"""
1.23E+18,@TerrapinHoops Add that Zebra Icon next to your final score as well. Jeez,NA,NA,NA,NA,3,?,I don't understand the context
1.24E+18,@TerrapinHoops Congrats on a GREAT year. May GOD bless each of you on your next chapter of your life. #FearTheTurtle,FALSE,FALSE,NA,NA,1,,
1.23E+18,@TerrapinHoops https://t.co/9qc5EAhdAk,NA,NA,NA,NA,3,?,"I think this tweet is the meme below the @TerrapinHoops tweet, which is negative"
1.23E+18,@TerrapinHoops s smith hurt? If not why isn't he getting time,FALSE,FALSE,NA,NA,2,,
1.23E+18,@TerrapinHoops SPARTANS overcome corrupt officiating to win,FALSE,FALSE,NA,NA,3,,
1.23E+18,@TerrapinHoops Way to embarrass them.,FALSE,FALSE,NA,NA,1,,
1.24E+18,"@TerrapinHoops We have a super young team and regardless of the downs this season 
I‚Äôm proud of Mark and all the players for their grittiness  
Now let‚Äôs make a run üî•üî•",NA,NA,NA,NA,1,,
1.24E+18,@theleahray @LibertyMBB_ @TerrapinHoops @MWarnerTV If we get a 13 seed I am writing the committee lol,FALSE,FALSE,NA,NA,3,?,I don't understand the context
1.24E+18,@TimBrando @SetonHallMBB @NovaMBB @TerrapinHoops @bigten @TimBrando so do the players with no eligibility left and their season was done the  tournament over get to play next yet also?,NA,NA,NA,NA,2,,
1.23E+18,@umterps Please fire Turgeon. He is a complete trash coach. #Terps,FALSE,FALSE,NA,NA,3,,
1.23E+18,@VeryRBLXPriv @thatintaminguy @TerrapinHoops @AnthonyCowanJr @EA_Glo @410D_ @JalenSmith2000 20 years ago?,NA,NA,NA,NA,,?,I don't understand the context
1.24E+18,"7:34 to go in the first half, #Terps lead 23-15.  Ayala and Smith have 6 each.  #Terps shooting 50%",NA,NA,NA,NA,2,,
1.24E+18,"A little birdie told me Chase Young was at the #Terps game today, first title of many he‚Äôs gonna see in DC??? #Redskins",NA,NA,NA,NA,1,,
1.24E+18,A top local DE didn't include the #terps among his top foremost contenders; can UMD change his mind in the months ahead? https://t.co/OaSXqPyuNv,NA,NA,NA,NA,4,,Seems to be about a football player
1.24E+18,"‚ÄúAnthony came back to hang a banner. He gets to hang a banner,"" coach Mark Turgeon said.

https://t.co/Plf3NStJgp",NA,NA,NA,NA,1,,
1.24E+18,"‚ÄúJust to come back and do something that‚Äôs never happened in Maryland history‚Ä¶it means everything.‚Äù 

@AnthonyCowanJr joined @TheAndyKatz after @TerrapinHoops secured a share of the Big Ten regular-season championship at his final home game. https://t.co/foNuqHvTWV",NA,NA,NA,NA,1,,
1.24E+18,"‚ÄúJust to come back and do something that‚Äôs never happened in Maryland history‚Ä¶it means everything.‚Äù 

@AnthonyCowanJr joined @TheAndyKatz after @TerrapinHoops secured a share of the Big Ten regular-season championship at his final home game. https://t.co/foNuqHvTWV",NA,NA,NA,NA,1,,
1.24E+18,"After winning the Big Ten title for the first time ever, @TerrapinHoops still has more work to do. @BustingBrackets breaks down the game and excitement from the B1G moment. #Terps #TerpNation
https://t.co/lELOK2k6yp",NA,NA,NA,NA,1,,
1.23E+18,An evergreen meme @TerrapinHoops https://t.co/Mn0gk7Ofpb,FALSE,TRUE,NA,An evergreen meme @TerrapinHoops https://t.co/Mn0gk7Ofpb,2,,
1.23E+18,And FSU lost..... this @TerrapinHoops chance to get a 1 seed.... tonight‚Äôs our shot to lock it up. And me and my day 1 homie @60_DantheMan are here in college park to witness it in person,FALSE,FALSE,NA,NA,1,,
1.24E+18,Anthony Cowan and the rest of the #Terps seniors were hinted before today‚Äôs game against Michigan. Listen live on The Team 980. https://t.co/HSyeFh4Dux,FALSE,FALSE,NA,NA,2,,
1.24E+18,Anthony Cowan Jr. and Mark Turgeon butted heads all the way to a Big Ten¬†title https://t.co/aIa7cYuYBG,FALSE,FALSE,NA,NA,2,,
1.24E+18,Anytime @TerrapinHoops fans see @AnthonyCowanJr: https://t.co/uVSv5h0V6B,NA,NA,NA,NA,1,,
1.24E+18,Anytime @TerrapinHoops fans see @AnthonyCowanJr: https://t.co/uVSv5h0V6B,NA,NA,NA,NA,1,,
1.24E+18,"‚úåÔ∏è games left, and a lot to be determined.

@BadgerMBB and @TerrapinHoops have a share of the B1G title, and @MSU_Basketball can join them.

B1G tourney seeds:

1. UW 
2. ?
3. ?
4. ?
5. ?
6. ?
7. ?
8. RU
9. MICH
10. PUR
11. IU
12. MIN
13. NU
14. NEB https://t.co/JQ3ntwB4E4",NA,NA,NA,NA,2,,
1.23E+18,"At the under 16 in the second half, @MSU_Basketball is giving @TerrapinHoops the Ben Dreith-like business:

https://t.co/S9EiUXiYKo",NA,NA,NA,NA,,?,"Postive re: MSU, negative re: Terps"
1.24E+18,B1G shoutout to @PKaFairy for spending his 50th wedding anniversary at Xfinity Center with the Maryland basketball teamü§©ü§© https://t.co/grW5uBJyTp,NA,NA,NA,NA,1,,
1.24E+18,"Badgers will be seeded No. 1 for Big Ten men's basketball tournament, thanks to Maryland's victory over Michigan https://t.co/DuSph6svIE",FALSE,FALSE,NA,NA,2,,
1.23E+18,Badly needed three from Ahrens to staunch the bleeding and keep the #Spartans in the lead 22-18 as the #Terps make a huge run coming out of the media timepout. @TheOnlyColors,FALSE,FALSE,NA,NA,2,,
1.24E+18,"BOBBY Z IS AN ANIMAL!!

His second bomb of the day is a grand slam to straightaway center üò≥

B4 | #Terps 8, Bulldogs 2

#DirtyTerps https://t.co/U4W1Nlj6jx",NA,NA,NA,NA,4,,Re: baseball
1.24E+18,Both of Maryland‚Äôs basketball teams had such a good chance to win the NCAA tournaments this year...I am so sad for our players,NA,NA,NA,NA,,?,"Positive re: Terps, negative re: cancelled tournaments"
1.24E+18,BREAKING: The Big Ten Conference men's basketball tournament has been cancelled. The #Terps were the No. 3 seed. I would be shocked if the NCAA Tournament is still played. @WMAR2News,FALSE,TRUE,NA,BREAKING: The Big Ten Conference men's basketball tournament has been cancelled. The #Terps were the No. 3 seed. I would be shocked if the NCAA Tournament is still played. @WMAR2News,2,,
1.24E+18,Can‚Äôt wait to tell my kids the #Terps didn‚Äôt lose a single game in the postseason.,NA,NA,NA,NA,1,,
1.24E+18,Congrats to the Big 10 Regular Season Champions @TerrapinHoops &amp; Bowie native Anthony Cowan Jr.! I look forward to watching you go all the way in the Conference &amp; NCAA Tournaments. #FearTheTurtle,NA,NA,NA,NA,1,,
1.24E+18,Congrats to TITANS Basketball for making the FINAL FOUR! Headed to U of MD. Defeated Liberty Hogh School #BCPS #MPSSAA #TITANS #SUPPORT #MOREWORK2DO https://t.co/gssq081Vm2,NA,NA,NA,NA,4,,Appears to be re: high school
1.24E+18,Congratulations to the University of Maryland Terrapins men's basketball team for winning their first Big Ten Championship! https://t.co/HEHcHMRBO7,NA,NA,NA,NA,1,,
1.24E+18,COUNT THAT BIH!!!!! #terps #stix üê¢üê¢üê¢üê¢,FALSE,TRUE,NA,COUNT THAT BIH!!!!! #terps #stix üê¢üê¢üê¢üê¢,1,?,Not sure what the emojis are
1.23E+18,"Damn, what a scene at Maryland.  It's gonna rock tonight! @TerrapinHoops @MSU_Basketball",FALSE,TRUE,NA,"Damn, what a scene at Maryland.  It's gonna rock tonight! @TerrapinHoops @MSU_Basketball",1,,
1.24E+18,Darryl Morsell's game winning 3 was one of the most clutch shots I've ever seen. And there was nothing better than watching our players celebrate on our homecourt after winning the BIG10. Thank you Terp Nation!,NA,NA,NA,NA,1,,
1.24E+18,"DeJulius shows progress in performance at Maryland

@abbyhsnyder's story from today in College Park: https://t.co/LvFot88b5q",NA,NA,NA,NA,1,,
1.24E+18,Doesn‚Äôt matter the gender. Maryland runs Big Ten Basketball,NA,NA,NA,NA,1,,
1.23E+18,Don't ever speak on our mans ever again @TerrapinHoops,TRUE,TRUE,ü§≠ https://t.co/qSVVHwwku8,Don't ever speak on our mans ever again @TerrapinHoops,3,?,Seems to be taunting the original tweeter
1.23E+18,Down by 11 v Michigan St at home (where Terps are 15-0): confidence level MD wins? It would be business as usual to see them get the victory #ComebackKids üèÄ @wjz,FALSE,FALSE,NA,NA,1,,
1.24E+18,üò≥üò≥üò≥,TRUE,FALSE,"Crowd wave at NCAA Division III men's basketball tournament at JHU.  Aside from the players, these medical professionals bring the most energy. No fans are allowed due to coronavirus concerns in the state of Maryland. @WMAR2News https://t.co/OWeK5Ygin0",NA,3,?,"I think that's the embarrassed emoji, so negative?"
1.24E+18,"üê¢üèÜ

Congrats to No. 9 @TerrapinHoops on winning a share of its first B1G title. https://t.co/lC3pFBacYl",NA,NA,NA,NA,1,,
1.24E+18,"üèÜ @TerrapinHoops, @MSU_Basketball &amp; @BadgerMBB all added to their trophy cases over the weekend!

See who has the most regular season titles in @bigten history üëá https://t.co/PHt3iG0dsu",NA,NA,NA,NA,2,,
1.24E+18,üèÜüîí @TerrapinHoops secure a share of the @bigten Regular Season Title with their win over Michigan https://t.co/BzIRs5wCdD,FALSE,TRUE,NA,üèÜüîí @TerrapinHoops secure a share of the @bigten Regular Season Title with their win over Michigan https://t.co/BzIRs5wCdD,1,,
1.24E+18,"üö® BUBBA BLAST üö®

His sixth hit of the day ties the school record and leaves the ballpark ü§Ø

B8 | #Terps 14, Bulldogs 3

#DirtyTerps https://t.co/dYLshg4Rxu",NA,NA,NA,NA,4,,
1.23E+18,"FINAL | #Terps 3, Coastal Carolina 10

Back tomorrow for a 1:00 first pitch for our last shot at the Chanticleers.

#DirtyTerps",NA,NA,NA,NA,4,,
1.24E+18,FINAL: #TERPS ARE BIG TEN CHAMPS!!!,FALSE,TRUE,NA,FINAL: #TERPS ARE BIG TEN CHAMPS!!!,1,,
1.24E+18,FINAL: #Terps defeat Michigan 83-70 to clinch a share of the Big Ten regular season championship. Four Maryland players in double figures led by Anthony Cowan with 20. Maryland finishes the regular season with a 24-7 record and 14-6 in the Big Ten.,FALSE,FALSE,NA,NA,1,,
1.23E+18,"Fouls called in top-15 college basketball games today:

Penn State-Iowa: 27
Seton Hall-Marquette: 29
Duke-Virginia: 34
FSU-Clemson: 35
Michigan State-Maryland: 35
Providence-Villanova: 36
San Diego State-Nevada: 38
Kansas-Kansas State: 40
Baylor-TCU: 41

Auburn-Kentucky: 46",NA,NA,NA,NA,2,,
1.24E+18,"Four years ago, Will Clark was still playing pick-up games at the Eppley Recreation courts. 

Now, he's being recognized prior to Maryland basketball's season finale against Michigan, his teammates messing with his hair. 

Quite the rise for the walk-on.

https://t.co/a1vIHmQuzl",NA,NA,NA,NA,1,,
1.24E+18,"Four years ago, Will Clark was still playing pick-up games at the Eppley Recreation courts. 

Now, he's being recognized prior to Maryland basketball's season finale against Michigan, his teammates messing with his hair. 

Quite the rise for the walk-on.

https://t.co/a1vIHmQuzl",NA,NA,NA,NA,1,,
1.24E+18,Great story https://t.co/1bhME0xAvU,NA,NA,NA,NA,1,,
1.24E+18,"Here is Thursday morning's updated @CBSSports Top 25 And 1 daily college basketball rankings ‚Äî with some words at the top on Maryland.

1. Kansas
2. Baylor
3. Gonzaga
4. Dayton
5. San Diego State
https://t.co/nohz1QxvJQ",NA,NA,NA,NA,2,,
1.24E+18,"How did NC State ever beat the #1 team in the hardest conference in the history of college basketball?

tHE BIg TEn Is sO gOOd",NA,NA,NA,NA,1,,
1.24E+18,How sweet it is!  Thank you for all of your hard work &amp; support @DBKSports!,NA,NA,NA,NA,1,,
1.23E+18,https://t.co/2EighbCe9Z,TRUE,TRUE,Terps by a million. Let‚Äôs go.,https://t.co/2EighbCe9Z,3,?,This appears to be a taunt of the original tweet
1.23E+18,"I AM CURRENTLY AVAILABLE FOR THE NEXT TWO HOURS!!!
#TerpNation 
LET'S GO TERPS!!!",NA,NA,NA,NA,1,,
1.23E+18,I‚Äôd be fine with firing Turgeon right now. This team is embarrassing. I‚Äôd be shocked if they make it to the second week or the tourney. What a complete joke. #terps,NA,NA,NA,NA,3,,
1.24E+18,I‚Äôm literally crying,NA,NA,NA,NA,3,,
1.23E+18,"If you don't like that, then you don't like Maryland Basketball‚Ñ¢! #killme",FALSE,FALSE,NA,NA,3,?,I don't understand the context
1.24E+18,"If you played your last game in a @TerrapinHoops, thank you. Big 10 Champion. @AnthonyCowanJr https://t.co/5zfvp2ELjG",NA,NA,NA,NA,1,,
1.24E+18,Interesting.  Everything seems so fluid right now.  I wonder if other conferences will follow suit?,NA,NA,NA,NA,2,,
1.23E+18,It feels like the entirety of the hospitality staff in CP was woefully under prepared for the shit show that is this game. #terps,FALSE,FALSE,NA,NA,3,,
1.24E+18,"It took three games, but No. 9 Maryland men‚Äôs basketball has finally done it.

With a 83-70 win over No. 25 Michigan, the Terps have claimed a share of the Big Ten championship and finish the regular season with a 24-7 overall record. https://t.co/FuK7NYCoRb",NA,NA,NA,NA,2,,
1.24E+18,"It took three games, but No. 9 Maryland men‚Äôs basketball has finally done it.

With a 83-70 win over No. 25 Michigan, the Terps have claimed a share of the Big Ten championship and finish the regular season with a 24-7 overall record. https://t.co/FuK7NYCoRb",NA,NA,NA,NA,2,,
1.24E+18,"It's early, but it sure looks like @TerrapinHoops wants a piece of that B1G üèÜ. https://t.co/qpLJ4lY69S",NA,NA,NA,NA,1,,
1.24E+18,Joe Smith was player of the year ... Jalen Smith ballin‚Äô LARGE! #MarylandTerrapins #Terps #Big10 jus sayin #BigTruss,FALSE,FALSE,NA,NA,1,,
1.24E+18,Johns Hopkins University on Friday hosted the opening rounds of the NCAA Division III men‚Äôs basketball tournament inside an empty Baltimore gym ‚Äî the day after Maryland confirmed three cases of coronavirus https://t.co/dPU24tu1z7,FALSE,TRUE,NA,Johns Hopkins University on Friday hosted the opening rounds of the NCAA Division III men‚Äôs basketball tournament inside an empty Baltimore gym ‚Äî the day after Maryland confirmed three cases of coronavirus https://t.co/dPU24tu1z7,2,,
1.24E+18,"Johns Hopkins will host its NCAA Division III 1st and 2nd round games in an empty arena, after recent coronavirus cases in Maryland. @NBC12 

https://t.co/gA8cJ6qpvb",NA,NA,NA,NA,2,,
1.23E+18,Let's go boys! Turn it around. @TerrapinHoops #seizesomething,FALSE,FALSE,NA,NA,1,,
1.24E+18,"Live-Blogging of a @B1GMenBBall game, between @umichbball and @TerrapinHoops, coming up shortly. A Terrapin equals number 1 seed in #BigTen Tournament for @BadgerMBB. #MICHvsMD https://t.co/QALyO38JME",NA,NA,NA,NA,2,,
1.24E+18,Llamamiento a las autoridades de los pa√≠ses afectados por el #coronavirus para que incluyan a los int√©rpretes en sus medidas de ayuda. #terps #1nt #aiic https://t.co/D9YA4qtECi,NA,NA,NA,NA,4,?,I'm calling this irrelevant because it's not English. Is that okay?
1.24E+18,Mark Turgeon shares his thoughts with @notthefakeSVP on an unprecedented day in sports history. (2/2) https://t.co/8B8yPe419h,FALSE,TRUE,NA,Mark Turgeon shares his thoughts with @notthefakeSVP on an unprecedented day in sports history. (2/2) https://t.co/8B8yPe419h,2,,
1.24E+18,Mark Turgeon: ‚ÄúAnthony came back to hang a banner. He gets to hang a banner.‚Äù,NA,NA,NA,NA,1,,
1.24E+18,"Mark Turgeon: ‚ÄúIf there is a silver lining, our last moment together was cutting down nets and winning a share of the Big Ten regular season championship‚Äù",NA,NA,NA,NA,1,,
1.23E+18,Maryland basketball üèÄ. #Shame,FALSE,FALSE,NA,NA,3,?,I don't understand the context
1.24E+18,Maryland basketball just keeps winning this Sunday,NA,NA,NA,NA,1,,
1.24E+18,"Maryland coach Mark Turgeon earns a $50,000 for earning at least a share of the Big Ten regular season title.

Maryland's assistant coaches each receive a $7,500 bonus.",NA,NA,NA,NA,2,,
1.24E+18,MARYLAND COMING FOR BLOOD! üòÇü§Øüëèüèº,TRUE,FALSE,Last time you won national championship in basketball the Soviet Union was still around. Sit down and go back to living in Ohio State‚Äôs shadow,NA,1,,
1.24E+18,MARYLAND FROM THE TOP ROPE!!!! #FuckMichigan,NA,NA,NA,NA,1,?,"Positive re: Terps, negative re: Michigan"
1.24E+18,"Maryland men‚Äôs: Big Ten champs

Maryland women‚Äôs: Big Ten champs

Big Ten basketball is different in College Park",NA,NA,NA,NA,1,,
1.24E+18,"Maryland men‚Äôs: Big Ten champs

Maryland women‚Äôs: Big Ten champs

Big Ten basketball is different in College Park",NA,NA,NA,NA,1,,
1.24E+18,Maryland vs Michigan Basketball Live Streaming Video 08-Mar - USA - NCAAB https://t.co/bkWmj4GQRz https://t.co/90xhdn7ito,NA,NA,NA,NA,2,,
1.24E+18,Maryland vs Michigan Basketball TV Live Streaming 08-Mar - USA - NCAAB https://t.co/s9qByxfWAv https://t.co/vDYGLc26Hz,NA,NA,NA,NA,2,,
1.23E+18,Michigan State basketball finally looks like championship team in win over Maryland https://t.co/LSaEPMQQZp https://t.co/NfDkiynq0Z,NA,NA,NA,NA,2,,
1.24E+18,"My breakdown of @TerpsFootball running back (my rb5) Anthony McFarland on the @GoingFor_2 War Room

#NFLDraft #NFL
#NFLCombine #NFLTwitter
#draftpack #NFLDraftNews #Terps
#maryland

https://t.co/EnIrffxzMS",NA,NA,NA,NA,4,,Not sure how this made it through the relevancy filter
1.24E+18,"My dad took this photo of me after Maryland men‚Äôs basketball secured a share of the Big Ten title last week.

Didn‚Äôt know it at the time, but that would be my final time covering a Terps game as a student. I loved this job. Loved representing @thedbk. Thanks for following along. https://t.co/h5AH0b8nYE",NA,NA,NA,NA,1,,
1.24E+18,"My first video shot ever for @TerrapinHoops! üôåüèº #smsports 

 https://t.co/F5EyQJ0Hfv",NA,NA,NA,NA,1,,
1.24E+18,"Nice win Terps! üèÄ Final regular season game BTN. Co-Champs!
Go Big Ten!",NA,NA,NA,NA,1,,
1.24E+18,"NO SLOW START- @TerrapinHoops makes three of their first four shots, but so does @umichbball and the #Wolverines lead 7-6 with 15:34 left in the 1st. Franz Wagner (brother of #Wiz forward Mo) has 5 points to lead all scorers. @WTOP",NA,NA,NA,NA,2,,
1.24E+18,"Nuovo importante appello dalle principali associazioni italiane di interpreti e traduttori, che rappresentano oltre 5mila professionisti
#AITInforma #1nt #terps #conf1nt #proterps #xl8 #t9n #uncrownthevirus #COVID19 https://t.co/b45vfnfybj",NA,NA,NA,NA,4,?,I'm calling this irrelevant because it's not English. Is that okay?
1.23E+18,Oh... it‚Äôs packed. And rowdy. #Terps @WMAR2News https://t.co/X6RoGc2RXe,NA,NA,NA,NA,1,?,I don't fully understand the context
1.24E+18,ONCE AGAIN ANOTHER EARLY EXIT FROM MARK TURGEON IN THE NCAA TOURNAMENT SMH,NA,NA,NA,NA,3,?,I don't fully understand the context
1.24E+18,Only Virginia‚Äôs class 1 and 2 finals on Thursday at the Siegel Center in Richmond will allow spectators. The other four divisions on Friday and Saturday in Richmond will be closed to fans. https://t.co/gMZoyN5vV6,NA,NA,NA,NA,2,,
1.23E+18,"Placed this modified bet from @RookieWiseguy:

üèÄ Michigan State +2.5 vs Maryland
‚öñÔ∏è -115
üí∞ $0.50 to win $0.43 (Risk 0.33 units)
‚è∞ 7 p.m. CST

üì¢ @RookieWiseguy tipped Michigan State +2",NA,NA,NA,NA,2,,
1.24E+18,Plumber‚Äôs Joint with some juicypapers to get the weekend started üòÅ  #hemp #hempflower #organic #cbd #cbdflower  #cannabis #cannabiscommunity #bud #cbdbud #happybudzhemp  #terpenes #terps  #artofrolling #joints‚Ä¶ https://t.co/ybJRwQ8hCx,FALSE,FALSE,NA,NA,4,,
1.24E+18,"Pretty good day to be a Maryland üèÄ fan, huh?",TRUE,TRUE,"CHAMPIONS üèÜ

#UnitedPursuit https://t.co/RgPn775Qoe","Pretty good day to be a Maryland üèÄ fan, huh?",1,,
1.23E+18,Randy!!!!,TRUE,FALSE,"Maryland gets two runs back on a Randy Bednar double and a Tavan Shahidi RBI groundout

M8 | #Terps 3, Chants 6

#DirtyTerps https://t.co/vJ4Tqu0MHq",NA,1,,
1.24E+18,Read more on the Senior Day victory that secured @TerrapinHoops a share of the 2019-20 #B1GMBBall Championship.,NA,NA,NA,NA,2,,
1.24E+18,S/o to my fellas especially the seniors @SchadeggJacob @calebzurliene @tanner_gerdes @goebelgrant5 @KassenBen @ZachNapo for their GREAT careers after all of the dedication and time they gave to the MD fam and the game of basketball... hate to see it end like this,NA,NA,NA,NA,1,,
1.23E+18,"Same starting five as the first #Terps-Sparty matchup:

Anthony Cowan
Eric Ayala
Darryl Morsell
Donta Scott
Stix Smith",NA,NA,NA,NA,2,,
1.24E+18,"Seriously, what a huge heart! Thank you, Cowan! They have been so excited for this opportunity! It was so kind of you to share YOUR #SeniorDay with him. We are proud of you! Go, #Terps! #DreamComeTrue #AmazingAnthony üèÄ #ballislife but #KindnessCOWANts ‚ù§Ô∏è",NA,NA,NA,NA,1,,
1.23E+18,"Seth Davis, noted basketball genius.. https://t.co/fKqNs1K2dO",NA,NA,NA,NA,1,?,I can't tell if this is sarcastic or not
1.24E+18,Should have to take an IQ test to be on Twitter,NA,NA,NA,NA,3,,
1.24E+18,"So great to see @TerrapinHoops get the win this afternoon on senior day! üê¢üèÄ

#Terps | #FearTheTurtle",NA,NA,NA,NA,1,,
1.24E+18,"Some CBB to start the day üö®üö®

üèÄ 4u: Maryland -4 (-120) 

üèÄ 4u: OVER 136 in MEM/HOU (-110) 

LETS MAKE SOME $$$ ü§ëü§ëü§ë #ridethewave https://t.co/fuDBDvrBLY",NA,NA,NA,NA,2,,
1.23E+18,STOP ASKING ME WHY I STOP PLAYING  BASKETBALL MARYLAND TOO SMALL FOR THE BS.,FALSE,FALSE,NA,NA,3,?,
1.24E+18,"Ten teams have been ranked in the men‚Äôs basketball @AP_Top25 every week this season.

Auburn
Baylor
Duke
Gonzaga
Kansas
Kentucky 
Louisville
Maryland
Oregon
Villanova",NA,NA,NA,NA,2,,
1.23E+18,Terps by a million. Let‚Äôs go.,FALSE,TRUE,NA,Terps by a million. Let‚Äôs go.,1,,
1.24E+18,"Terrapins going to Atlanta, again! #Terps #BigDancing #Truss",NA,NA,NA,NA,4,?,"I don't quite understand the context, but I don't think it's about basketball"
1.24E+18,"Thank You, Terp Nation https://t.co/13gSYdNc6K",NA,NA,NA,NA,1,,
1.24E+18,"Thank You, Terp Nation https://t.co/13gSYdNc6K",NA,NA,NA,NA,1,,
1.24E+18,"Thank You, Terp Nation https://t.co/13gSYdNc6K",NA,NA,NA,NA,1,,
1.24E+18,"Thank You, Terp Nation https://t.co/13gSYdNc6K",NA,NA,NA,NA,1,,
1.24E+18,"Thank You, Terp Nation https://t.co/13gSYdNc6K",NA,NA,NA,NA,1,,
1.24E+18,"Thank You, Terp Nation https://t.co/13gSYdNc6K",FALSE,TRUE,NA,"Thank You, Terp Nation https://t.co/13gSYdNc6K",1,,
1.24E+18,"Thank You, Terp Nation https://t.co/13gSYdNc6K",FALSE,TRUE,NA,"Thank You, Terp Nation https://t.co/13gSYdNc6K",1,,
1.24E+18,"Thanks to the Washington City Paper for the opportunity to write about my years on the Maryland basketball beat at the Baltimore Sun.
I hope you enjoy reading it as much as I enjoyed writing it. 
https://t.co/D1LBK0lig7",NA,NA,NA,NA,4,,
1.24E+18,The Big Ten Conference is walking back their initial cancellation of all spring sports through the academic year. Now suspended until April 6 and will  re-evaluate then. Statement: #Terps @WMAR2News https://t.co/vw02r2W4am,FALSE,TRUE,NA,The Big Ten Conference is walking back their initial cancellation of all spring sports through the academic year. Now suspended until April 6 and will  re-evaluate then. Statement: #Terps @WMAR2News https://t.co/vw02r2W4am,2,,
1.23E+18,The students are present and ready to rock. #Terps-Sparty at the top of the hour on ESPN. Share of Big Ten title on the line. https://t.co/UmJYFvpZCZ,FALSE,FALSE,NA,NA,1,,
1.24E+18,"They played in DC Friday
They played in Memphis Saturday
They play in Atlanta Monday

Bruno and Kevin made sure they were HOME Sunday. For this team. For all of Terp Nation

That‚Äôs family ‚ù§Ô∏è https://t.co/2YD37na4zM",NA,NA,NA,NA,1,,
1.24E+18,This doesn‚Äôt feel like a job or Big Business!! Kinda feels like joy and personal accomplishment,NA,NA,NA,NA,1,,
1.24E+18,This is how i like to see my #Terps ball!!! #MICHvsMD,FALSE,FALSE,NA,NA,1,,
1.24E+18,"This is what we should have seen yesterday.  Dates and reevaluation. 

Let's have a College World Series if we can.  I'm all for being cautious here, but I think making decisions for June in March isn't pragmatic.",NA,NA,NA,NA,4,?,Appears to be re: baseball
1.23E+18,This may discredit everything @kenpomeroy does. Bo Boroski was HORRIBLE tonight like most nights.,TRUE,TRUE,College basketball's top official doing tonight's MSU-Maryland game ... https://t.co/Qo701sIMx6,This may discredit everything @kenpomeroy does. Bo Boroski was HORRIBLE tonight like most nights.,3,,
1.24E+18,Those curious to what has happened across the country regarding state basketball tournaments. @MSHSAAOrg,TRUE,FALSE,"Here's the latest on state HS BB tournaments. 
Canceled (11): CA, CO, CT, IL, KS, MA, NJ, OR, VA, WI, WY 
Post./Susp. (15): AL, AK, DE, KY, MD, MI, NY, NC, OH, OK, PA, TN, TX, VT, WV
Fan Limits (12): IN, IA, LA, MN, MO, NE, NH, NM, ND, RI, SD
No Limit (1): MT
Rest are complete.",NA,4,?,Appears to be re: high school
1.23E+18,TIME RUNNING OUT- @TerrapinHoops trails @MSU_Basketball 76-63 with 4:13 left. Jalen Smith has 20 points with 12 rebounds while Anthony Cowan adds 12 points. Cassius Winston leads the visitors with 20 and 6 assists. @WTOP,NA,NA,NA,NA,2,,
1.24E+18,To all #Terps fans who have followed along over my 3 1/2 years... thank you. I'm so excited to see what the crew has in store for next year. #YourTerpsYourStation,TRUE,TRUE,"From all of us at WMUC Sports, we thank you for listening and following along this year. 

This is not how we expected our coverage to end, but we cannot wait to be back next year to bring you all things Maryland sports. 

Your Terps. Your Station. https://t.co/E6CKlbPdfF",To all #Terps fans who have followed along over my 3 1/2 years... thank you. I'm so excited to see what the crew has in store for next year. #YourTerpsYourStation,1,,
1.24E+18,"today's USA NBA G League 2020 live stream
Fort Wayne Mad Ants vs College Park Skyhawks
‚ñ∂Ô∏èwatch live hereüì∫ ‚û§https://t.co/PP6SMbJTDH",NA,NA,NA,NA,4,,
1.23E+18,"Too bad the #Terps lost tonight, especially with it being at home and all of the excitement that came with today‚Äôs game. 

Credit to MSU. They were probably extra motivated after losing to Maryland on their own home floor two weeks ago.

Maryland will bounce back.

#FearTheTurtle",NA,NA,NA,NA,2,?,"Positive re: MSU, negative re: Terps"
1.23E+18,Tune In to @TerrapinHoops vs Michigan State at 8pm we goin up again tonight üåäüèÑüèΩ‚Äç‚ôÇÔ∏èüåé,FALSE,TRUE,NA,Tune In to @TerrapinHoops vs Michigan State at 8pm we goin up again tonight üåäüèÑüèΩ‚Äç‚ôÇÔ∏èüåé,2,,
1.24E+18,"Turgeon on schedule complaint, Cowan senior day, Bino recruiting https://t.co/y573UOubhm",FALSE,FALSE,NA,NA,2,,
1.24E+18,"Up in flames: Diamondback sports reporters recall covering basketball riots in College Park.

https://t.co/3gQn9ClHOE",NA,NA,NA,NA,4,,
1.24E+18,"Watch Anthony Cowan, Eric Ayala and Aaron Wiggins react following the #Terps' win over Michigan to claim a share of B1G title: https://t.co/5blYSpKu3H",FALSE,FALSE,NA,NA,2,,
1.24E+18,Welp. At least I can finally say that I got to be there when @TerrapinHoops ended the season with a championship celebration...even if they had to share it. #GoTerps #MarylandPride #B1GChamps https://t.co/WR2TtNDepN,FALSE,FALSE,NA,NA,1,,
1.23E+18,"With 11:41 to go, it's another media timeout. Spartans lead the first place Terps 61-43.",FALSE,FALSE,NA,NA,2,,
1.24E+18,"With Illinois playing tonight on the road at Ohio State, I took at look at who's atop the Big Ten as of this morning (yes that includes the #Badgers, of course) and who the Spartans and Terps face heading into the final weekend of the regular season:

https://t.co/b5BITz0v64",NA,NA,NA,NA,2,,
1.23E+18,"Wrestlers: 7-0 at home + NCAA attendance record.

Women: 36 straight at home, second longest in nation.

Men: Just won 13th straight at home &amp; with Maryland‚Äôs loss tonight is lone B1G team that is unbeaten in conference play.

What a winter at Carver.
https://t.co/EdAE0UlfvA",NA,NA,NA,NA,4,?,Appears to be about wrestling and not about Maryland
1.23E+18,"Wrestlers: 7-0 at home + NCAA attendance record.

Women: 36 straight at home, second longest in nation.

Men: Just won 13th straight at home &amp; with Maryland‚Äôs loss tonight is lone B1G team that is unbeaten in conference play.

What a winter at Carver.
https://t.co/EdAE0UlfvA",NA,NA,NA,NA,4,,
1.23E+18,"Wrestlers: 7-0 at home + NCAA attendance record.

Women: 36 straight at home, second longest in nation.

Men: Just won 13th straight at home &amp; with Maryland‚Äôs loss tonight is lone B1G team that is unbeaten in conference play.

What a winter at Carver.
https://t.co/EdAE0UlfvA",NA,NA,NA,NA,4,,
1.24E+18,You already know.,TRUE,TRUE,"üèÜ @TerrapinHoops, @MSU_Basketball &amp; @BadgerMBB all added to their trophy cases over the weekend!

See who has the most regular season titles in @bigten history üëá https://t.co/PHt3iG0dsu",You already know.,1,,
1.24E+18,"You can tell a lot about a person by the people in their circle. Well I‚Äôm blessed to have @CoachDreHaynes in mine riding shot gun. Not the if the brightest young Divison 1 coaches. Keep going boy 

https://t.co/Qo05gmfpKT",NA,NA,NA,NA,1,,
1.24E+18,"You did a great job and whoever follows you on the beat will have big shoes to fill. Hopefully we will work together again, in some capacity.",NA,NA,NA,NA,1,?,"Maybe irrelevant? Positive re: this reporter who worked the UMD MBB beat, but not about UMD MBB"
1.24E+18,YOUR MARYLAND TERRAPINS ARE BIG TEN BASKETBALL CHAMPIONS,FALSE,TRUE,NA,YOUR MARYLAND TERRAPINS ARE BIG TEN BASKETBALL CHAMPIONS,1,,
1.24E+18,YOUR MARYLAND TERRAPINS ARE BIG TEN BASKETBALL CHAMPIONS,NA,NA,NA,NA,1,,
1.24E+18,YOUR MARYLAND TERRAPINS ARE BIG TEN BASKETBALL CHAMPIONS,NA,NA,NA,NA,1,,
1.24E+18,YOUR MARYLAND TERRAPINS ARE BIG TEN BASKETBALL CHAMPIONS,FALSE,TRUE,NA,YOUR MARYLAND TERRAPINS ARE BIG TEN BASKETBALL CHAMPIONS,1,,
